,Dataset Name,Description
0,Airport_Codes,"Information on airports and includes airport code, city, country, and coordinates"
1,Flights,"Flights data for Q1 2019 and includes date, origin, destination, distance, flight number, and occupancy rate"
2,Tickets,Sample tickets data for Q1 2019 and includes itinerary details and fare information.  Consider round trips only for your analysis.
3,Final_dataset,"It includes all combination of all the three datasets(Flights,Tickets,Airport_codes)"
4,busiest,"It consists of columns origin_destination,Total number of flights,origin, destination"
5,Profit,"It includes the columns of ORIGIN,DESTINATION,Airport_operational_cost,OCCUPANCY_RATE,OTHER_COST,DEP_DELAY_OPERATION_COSTS,DISTANCE,ARR_DELAY_OPERATION_COSTS,BAGGAGE,TICKETS_COST,TOTAL_EXPENSES,TOTAL_REVENUE,PROFIT"
6,profitted,"It includes the columns of ORIGIN_DESTINATION,PROFIT,ORIGIN,DESTINATION"
7,Recommending,"It includes the columns of ORIGIN_DESTINATION,PROFIT,ORIGIN,DESTINATION,Flights,Airport_operational_cost,OCCUPANCY_RATE,OTHER_COST,DEP_DELAY_OPERATION_COSTS,DISTANCE,ARR_DELAY_OPERATION_COSTS,BAGGAGE,TICKETS_COST,TOTAL_EXPENSES,TOTAL_REVENUE"
8,Breakeven,"It includes all the columns of TOTAL_REVENUE,Flights,SINGLE_TRIP_REVENUE,NUMBER_OF_ROUND_TRIPS"
